[
  {
    "id": "bd76a78c-0015-45bc-bc70-6dffb6ccc62f",
    "data": [
      {
        "text": "你好",
        "userDefined": false
      }
    ],
    "isTemplate": false,
    "count": 0,
    "updated": 0
  },
  {
    "id": "ecc7afab-c513-481e-a45a-e5a8e22a3fd6",
    "data": [
      {
        "text": "喂",
        "userDefined": false
      }
    ],
    "isTemplate": false,
    "count": 0,
    "updated": 0
  },
  {
    "id": "62317bda-ce15-421e-82ba-e2d0ecc06f6a",
    "data": [
      {
        "text": "嗨",
        "userDefined": false
      }
    ],
    "isTemplate": false,
    "count": 0,
    "updated": 0
  },
  {
    "id": "fdc4cf55-9356-4750-b74d-9c576428a279",
    "data": [
      {
        "text": "哈啰",
        "userDefined": false
      }
    ],
    "isTemplate": false,
    "count": 0,
    "updated": 0
  },
  {
    "id": "1ba81e3a-d51e-433a-bee6-7b08c20f219f",
    "data": [
      {
        "text": "嘿",
        "userDefined": false
      }
    ],
    "isTemplate": false,
    "count": 0,
    "updated": 0
  },
  {
    "id": "75ae557d-e939-4a35-9094-a74319aa5d01",
    "data": [
      {
        "text": "嗨 你好",
        "userDefined": false
      }
    ],
    "isTemplate": false,
    "count": 0,
    "updated": 0
  },
  {
    "id": "37a74d42-bcbc-4213-bce1-9de05380122a",
    "data": [
      {
        "text": "嗨寶貝",
        "userDefined": false
      }
    ],
    "isTemplate": false,
    "count": 0,
    "updated": 0
  },
  {
    "id": "32c29c48-7c00-41c3-b2fa-1b5113b7d52f",
    "data": [
      {
        "text": "嗨蜜糖",
        "userDefined": false
      }
    ],
    "isTemplate": false,
    "count": 0,
    "updated": 0
  },
  {
    "id": "26b33c40-c624-4c03-9901-e48c63ac865c",
    "data": [
      {
        "text": "嗨美女",
        "userDefined": false
      }
    ],
    "isTemplate": false,
    "count": 0,
    "updated": 0
  },
  {
    "id": "3cb15156-24e9-4523-ab5c-0a0535c04f0e",
    "data": [
      {
        "text": "嗨甜心",
        "userDefined": false
      }
    ],
    "isTemplate": false,
    "count": 0,
    "updated": 0
  },
  {
    "id": "08660029-7dd0-4019-b150-78fe2e7d13e8",
    "data": [
      {
        "text": "嗨飛飛",
        "userDefined": false
      }
    ],
    "isTemplate": false,
    "count": 0,
    "updated": 0
  },
  {
    "id": "8c7bc911-7c59-46bb-bcba-8aceeff09231",
    "data": [
      {
        "text": "嗨老婆",
        "userDefined": false
      }
    ],
    "isTemplate": false,
    "count": 0,
    "updated": 0
  },
  {
    "id": "86bd32a4-5f52-43eb-96ae-8225a42561eb",
    "data": [
      {
        "text": "嗨愛人",
        "userDefined": false
      }
    ],
    "isTemplate": false,
    "count": 0,
    "updated": 0
  },
  {
    "id": "a4f90bef-2e97-4b7b-8567-9c38b52de8f9",
    "data": [
      {
        "text": "嗨可愛的",
        "userDefined": false
      }
    ],
    "isTemplate": false,
    "count": 0,
    "updated": 0
  },
  {
    "id": "68d94951-02a3-4bd4-bcc2-c6bd37f64788",
    "data": [
      {
        "text": "嗨 親愛的",
        "userDefined": false
      }
    ],
    "isTemplate": false,
    "count": 0,
    "updated": 0
  },
  {
    "id": "6f340595-6efa-4089-b21b-408c29ddd582",
    "data": [
      {
        "text": "嗨你好朋友",
        "userDefined": false
      }
    ],
    "isTemplate": false,
    "count": 0,
    "updated": 0
  },
  {
    "id": "c7f7f1da-e538-41c7-a036-54b0bf0c831f",
    "data": [
      {
        "text": "哈啰老婆",
        "userDefined": false
      }
    ],
    "isTemplate": false,
    "count": 0,
    "updated": 0
  },
  {
    "id": "92e4eb73-5606-4f96-ab9a-edde25dfb197",
    "data": [
      {
        "text": "哈啰飛飛",
        "userDefined": false
      }
    ],
    "isTemplate": false,
    "count": 0,
    "updated": 0
  },
  {
    "id": "27cf1281-f14b-4795-a4e3-853eae8da27a",
    "data": [
      {
        "text": "哈啰寶貝",
        "userDefined": false
      }
    ],
    "isTemplate": false,
    "count": 0,
    "updated": 0
  },
  {
    "id": "959c82cf-1eaf-46a0-81c6-30e208460292",
    "data": [
      {
        "text": "哈啰美女",
        "userDefined": false
      }
    ],
    "isTemplate": false,
    "count": 0,
    "updated": 0
  },
  {
    "id": "2ccba5ea-2fbb-4a24-a1c5-17d1f29726a9",
    "data": [
      {
        "text": "哈啰甜心",
        "userDefined": false
      }
    ],
    "isTemplate": false,
    "count": 0,
    "updated": 0
  },
  {
    "id": "60108374-c9eb-4c78-a162-904dc7a51413",
    "data": [
      {
        "text": "哈啰朋友",
        "userDefined": false
      }
    ],
    "isTemplate": false,
    "count": 0,
    "updated": 0
  },
  {
    "id": "2232cd40-1f40-4215-b33e-a98ec649b8e8",
    "data": [
      {
        "text": "哈啰你好",
        "userDefined": false
      }
    ],
    "isTemplate": false,
    "count": 0,
    "updated": 0
  },
  {
    "id": "1368c87d-f7ec-4c26-8622-66838325d28d",
    "data": [
      {
        "text": "哈啰我親愛的",
        "userDefined": false
      }
    ],
    "isTemplate": false,
    "count": 0,
    "updated": 0
  },
  {
    "id": "2720a7f4-3d50-4e46-b4ed-80f78d95f044",
    "data": [
      {
        "text": "嘿 你好",
        "userDefined": false
      }
    ],
    "isTemplate": false,
    "count": 0,
    "updated": 0
  },
  {
    "id": "b7b735cc-d7c7-4cf6-bd28-1c8f6b217b00",
    "data": [
      {
        "text": "嘿老婆",
        "userDefined": false
      }
    ],
    "isTemplate": false,
    "count": 0,
    "updated": 0
  },
  {
    "id": "fc6ff95f-d3fd-4faa-b780-55b4d1cbdd58",
    "data": [
      {
        "text": "嘿飛飛",
        "userDefined": false
      }
    ],
    "isTemplate": false,
    "count": 0,
    "updated": 0
  },
  {
    "id": "daa0f480-8547-494d-9086-75d33c429dde",
    "data": [
      {
        "text": "嘿美女",
        "userDefined": false
      }
    ],
    "isTemplate": false,
    "count": 0,
    "updated": 0
  },
  {
    "id": "912da949-df5e-4d9b-99cd-5404eb1d1771",
    "data": [
      {
        "text": "嘿夥伴",
        "userDefined": false
      }
    ],
    "isTemplate": false,
    "count": 0,
    "updated": 0
  },
  {
    "id": "68f4aa09-1f7a-468a-980b-c5a0dba0b41d",
    "data": [
      {
        "text": "嘿女孩",
        "userDefined": false
      }
    ],
    "isTemplate": false,
    "count": 0,
    "updated": 0
  },
  {
    "id": "a94cf78d-7f15-49c3-af89-00a16b8972ef",
    "data": [
      {
        "text": "嘿助手",
        "userDefined": false
      }
    ],
    "isTemplate": false,
    "count": 0,
    "updated": 0
  },
  {
    "id": "01e6fdc0-c333-4f0d-a260-041268c0a928",
    "data": [
      {
        "text": "嘿可愛的",
        "userDefined": false
      }
    ],
    "isTemplate": false,
    "count": 0,
    "updated": 0
  },
  {
    "id": "2d647697-05b2-4fb2-b818-9ff23544c576",
    "data": [
      {
        "text": "只想給你打個招呼",
        "userDefined": false
      }
    ],
    "isTemplate": false,
    "count": 0,
    "updated": 0
  },
  {
    "id": "14354d1b-bda5-4dee-b654-9c76ac092ee5",
    "data": [
      {
        "text": "美好的一天對吧",
        "userDefined": false
      }
    ],
    "isTemplate": false,
    "count": 0,
    "updated": 0
  },
  {
    "id": "fc22355e-47a2-4607-ae32-083ff83b72ba",
    "data": [
      {
        "text": "再一次問好",
        "userDefined": false
      }
    ],
    "isTemplate": false,
    "count": 0,
    "updated": 0
  },
  {
    "id": "0a73ceba-0005-4122-9c79-0dd2db6b20d6",
    "data": [
      {
        "text": "好久不見",
        "userDefined": false
      }
    ],
    "isTemplate": false,
    "count": 0,
    "updated": 0
  },
  {
    "id": "f4929dbe-57fb-4085-b88e-1a17b304eb4e",
    "data": [
      {
        "text": "哈喽",
        "userDefined": false
      }
    ],
    "isTemplate": false,
    "count": 0,
    "updated": 0
  },
  {
    "id": "29fb338c-5312-44b0-86c6-8c921167f3f0",
    "data": [
      {
        "text": "你好啊",
        "userDefined": false
      }
    ],
    "isTemplate": false,
    "count": 0,
    "updated": 0
  },
  {
    "id": "fc479c61-c443-44ba-a5f7-73d4ec0909f9",
    "data": [
      {
        "text": "嘿嘿",
        "userDefined": false
      }
    ],
    "isTemplate": false,
    "count": 0,
    "updated": 0
  }
]